Loan Loss Provisions  ,Total Deposits Ratio,Non-Interest Expenses,Loan Loss Provisions Ratio,Cumulative Gaps Over Total Assets,Profits Before Tax,Target
2887292.375,0.06826770779130156,928707.6221012924,2.632933194822976,31.937058914820987,215333.40830811136,1.0
2887292.375,0.06826770779130156,650166.0,2.632933194822976,60.461667374111904,273733.0,1.0
37857.0,0.009917668036661654,44552.0,1.9963423856125397,46.21850602390646,5342.0,1.0
650476.0,0.06826770779130156,444717.0,2.2204198779457918,55.087240883041176,328951.0,1.0
13372.0,0.04064522355085065,135138.0,0.34215624964817165,78.88647287708858,164651.0,0.0
227731.0,0.06826770779130156,809032.0,0.48329130523435315,59.53380070718018,177884.0,1.0
660.4714238487722,3.582887962495775e-05,1339.0,0.4636118750448708,19.378492268280457,459.0,0.0
10977.0,0.00512380813800281,24200.0,0.6877367090510963,11.122846218021575,27811.0,0.0
2887292.375,0.06826770779130156,2545666.0,2.632933194822976,30.677210643622384,-686485.0,1.0
797.0,0.006517219342144704,34389.0,0.05281800981473934,13.101220891805221,24840.377774084925,1.0
83168.0,0.009264087231246844,59311.0,2.632933194822976,-9.819270002522488,42172.0,1.0
5387.0,0.010090256014010068,171195.0,0.17344933972051055,36.524560343275105,99117.0,0.0
2772.0,0.005224380502227175,34349.0,0.1623767456818154,58.819089973658976,73119.0,0.0
21765.0,0.031720104256469366,156327.0,0.40665102839831063,51.753938188272635,188402.0,0.0
108021.0,0.06826770779130156,1074200.0,0.20862121004125803,36.37069569807794,223186.0,1.0
15049.0,0.009790225795620002,27919.0,0.5591468004645871,45.364806536933095,72539.0,0.0
794699.0,0.06826770779130156,581920.0,2.0053085861406026,45.96356693754895,876815.0,1.0
2887292.375,0.06826770779130156,714397.0,2.632933194822976,46.82038110004221,151441.0,1.0
595.8661469679815,0.00010944878864868133,1739.0,0.3985272137021697,-21.96385425727264,1257.0,0.0
514.4929342976588,0.00023922418410072838,3122.0,0.28627604040879634,6.496820425926766,3786.0,0.0
1353.0,0.0031117664095844247,20090.0,0.1009059158610228,42.48251559581022,26258.0,0.0
38918.499997059575,0.017050024649145266,114033.0,0.8226895498722923,50.2564961051129,-7722.0,1.0
1881042.1422205435,0.06826770779130156,3471457.0,1.8915015819460272,23.631905303683943,114753.0,1.0
2887292.375,0.06826770779130156,1009211.0,2.632933194822976,47.88424958920639,222286.0,1.0
21809.0,0.0058742788319023605,41114.0,0.9230771835416384,22.919879140789178,59482.0,0.0
75374.0,0.010009747237468624,177297.0,1.2629097054914138,16.02161993867527,37636.0,0.0
30089.916455632796,0.004940169477034576,51790.0,1.5627891217586,-21.404563867343025,22088.21222686408,1.0
11845.0,0.0034605601004083076,34248.0,0.8614745943178314,31.67090680978602,34002.0,0.0
413.0,0.0007641543701269904,5359.0,0.12551894333108432,22.158051722442558,5009.0,0.0
7704.0,0.012671443908351317,89638.0,0.16885916172736085,53.1136849203752,98031.0,0.0
160.0,0.0002381790404133995,5220.0,0.10430519700644085,26.172977765334455,6650.0,0.0
828835.0,0.06826770779130156,1012549.0,1.5462027876105362,52.191350973362084,1498585.0,0.0
27968.0,0.02109750874352046,213905.0,0.46719136604697437,47.45582094685971,177927.0,0.0
3757.0,0.0005039325453650304,6244.0,1.7245573850256826,69.87947866756063,7366.0,0.0
444056.0,0.06826770779130156,1332507.0,0.6921123882437902,39.97721409156074,253024.0,1.0
3756.0,0.005319778660877863,47773.0,0.1436385448451698,45.9468996016686,93128.0,0.0
24791.0,0.014947739783092287,52029.0,0.7175065698838838,79.16190157225071,104039.0,0.0
26027.0,0.0353083653668971,197887.0,0.3885533296797447,50.93343936334263,282148.0,0.0
2204.0,0.0013511623005040018,9122.0,0.4135301666879311,-48.36858168321355,1678.0,1.0
95449.0,0.012455342851426207,99218.0,2.632933194822976,21.21255002144778,107012.0,1.0
158639.0,0.06826770779130156,1848800.0,0.21256086391904114,52.09435985376359,525184.0,1.0
1342730.0,0.06826770779130156,1142186.0,2.1996108019232885,60.073541285842985,1759883.0,1.0
19471.0,0.004053559240618921,50258.0,0.7271995255332149,16.449240180185523,85333.0,0.0
4360.0,0.00316740813847805,36178.0,0.2620809709979755,41.27936220618709,-41864.0,0.0
349.0,8.118083819410231e-05,4726.0,0.5488111712165052,58.266890329350204,3093.0,0.0
1735.0,0.002404897108664744,36984.0,0.13893014976429918,57.25247999681045,29124.0,0.0
92799.0,0.011773782281441198,246275.0,1.0999086994826226,0.9493797419995922,71910.0,1.0
488.0,0.00021070128617369999,6758.0,0.2506484501399625,20.85682619824606,7879.0,0.0
11028.0,0.0065583009884603045,85574.0,0.23100217617120805,12.659366158944293,58946.0,0.0
16046.0,0.006764274436376849,53911.697081737795,0.6878609222892059,56.603880021888614,98531.4340530784,0.0
12280.0,0.013217240000113793,146839.0,0.2060386090850275,56.36216574781823,138446.0,0.0
82286.0,0.012316347376540204,80756.0,1.9507659540773679,56.1381450098254,148615.0,0.0
27671.0,0.005742525686436561,66140.0,0.7784168861130326,50.551011214587795,111140.0,0.0
3653.0,0.0005609306161571644,11634.0,1.1019607843137256,70.33946882364181,14164.0,0.0
45903.0,0.021239068685015586,289748.0,0.5448273390021742,50.30011751489415,289009.0,0.0
86974.0,0.012570514337952754,178050.0,1.6166062829319359,15.441708529804599,286067.0,0.0
36537.0,0.006282698454795144,61021.0,1.0971353827286983,17.02645403237878,102547.0,0.0
5466.0,0.01694739481279199,147469.0,0.08496608584745743,45.27967717787119,22633.0,0.0
2208.0,0.004692138005525678,34140.0,0.16356912573487578,-37.83505038500804,46882.0,1.0
824.0,0.0006766490230100804,7591.0,0.21116780408548197,58.13776763672026,5168.0,0.0
960.0,0.00042472829204846313,8931.0,0.23622047244094488,4.384529827514168,11431.0,0.0
623.0,0.00024844891497106264,5563.0,0.358472435598672,64.74419210479797,8004.0,0.0
2460603.5403156807,0.06826770779130156,4730839.0,1.8852002707940523,34.105274130863215,390813.0,1.0
20825.0,0.040551703580335906,304541.0,0.22197902535378874,47.47309588188687,391550.0,0.0
23471.0,0.010690630478496718,102517.0,0.44463792726851825,17.045510427946756,96311.0,0.0
2887292.375,0.06826770779130156,1380106.0,2.632933194822976,52.73295537271407,740879.0,1.0
36530.56903809033,0.006512994905796889,84895.0,1.307435718412797,-17.591762322289238,76209.0,0.0
278.0,0.0005352182892210474,11920.0,0.05335831065285237,33.45733301185268,66280.0,0.0
21535.0,0.008597852885089493,122926.0,0.46160867031194974,38.106218490197364,188397.0,0.0
246.0,0.00039279545668650755,10186.083637223936,0.03709467284308049,-36.105258112256415,31930.474276596462,0.0
78929.0,0.01581144625797767,212426.0,0.8588422207527766,10.999518776461471,200006.0,0.0
10304.0,0.06826770779130156,2218085.0,0.012855520838607146,46.63151423939838,829991.0,1.0
163016.0,0.016615598090745205,185193.0,2.632933194822976,62.240455902914334,269599.0,0.0
27773.0,0.015412721618706804,255691.0,0.31937301556180175,12.033311337937072,356522.0,0.0
1201.0,0.0002768251566709966,7857.0,0.4090487997602245,29.972267652705682,20282.0,0.0
9050.0,0.00565799176233529,2426.0,0.26910104491489717,-37.1235313222979,189004.0,0.0
17263.0,0.004075457484369313,1974.0,0.6322834100597635,30.699367972690602,127564.0,0.0
14430.0,0.0024992132957537016,38630.0,1.2759410396753115,64.12753404254089,35287.0,1.0
56207.0,0.04736047855979382,835156.0,0.3303492173314881,37.19430871901699,442499.0,1.0
13669.0,0.014937914933018524,209341.0,0.1714924345853406,60.99031439150629,210793.0,0.0
41121.0,0.006302110445816366,98428.0,0.8474752672872403,49.543644966368454,162035.0,0.0
5600.0,0.0007205664702372515,17094.0,0.9300409882349815,84.31437035245753,25226.0,0.0
2887292.375,0.06826770779130156,5189096.0,1.8850016459775183,42.28992323728946,1453882.0,1.0
769.0,0.0008859020488403204,23952.0,0.21707527063838195,59.26758362959313,28650.0,0.0
46124.0,0.021172941833703798,218948.0,0.45186860659412315,40.26509389005714,296235.0,0.0
1467.0,0.0005929198696269421,16262.0,0.2975755805462246,23.626446358508563,9796.0,0.0
81418.0,0.02821449868495403,435674.0,0.5656261608317118,45.2213056878578,611329.0,0.0
36641.0,0.006098866767255464,88434.0,1.26867557900787,-2.3609467351461664,109436.0,1.0
21312.0,0.005927566559867803,3034.0,0.4824323718640877,69.74054667824001,212803.0,0.0
6544.0,0.0030528023838407477,52697.0,0.31960287974697454,14.631548136521642,53963.0,0.0
22012.0,0.004042099387568609,103361.0,0.47230578430825615,-8.665225950282865,142211.0,0.0
136848.0,0.008065402621868428,287828.0,1.3531310288010017,-34.43001357350105,99394.0,1.0
38262.73087348191,0.009071605851916313,145881.0,0.7293435721368321,-8.914150385077324,156808.0,0.0
67523.0,0.007225875481268769,112030.0,1.1285306171360896,-6.120543745578853,240010.0,0.0
35333.0,0.005703446680560826,91386.0,0.3964491583940785,-48.36858168321355,167555.0,0.0
1491631.0,0.06826770779130156,1466406.0,2.2019125093355325,38.18832879971781,3877256.0,0.0
1487.0,0.0002730066341913951,545.0,0.3770006769279135,10.531607782852342,23544.0,0.0
2887292.375,0.06826770779130156,1859103.0,2.632933194822976,45.19817069797436,649775.0,1.0
73541.0,0.024401254945137143,383486.0,0.3985497408947065,51.840748131794484,628847.0,0.0
152.0,0.0012483327798392286,58185.0,0.05517381566863768,49.51431423087832,67377.0,0.0
63790.0,0.015264615967492973,373191.0,0.3572181759148599,18.200548231267067,454069.0,0.0
134537.0,0.0588915511744406,1426635.0,0.4229279330638593,35.28571711804104,1662098.0,0.0
57849.0,0.0072185813137552336,155956.0,0.8435093277559172,-15.637630743985266,230793.0,0.0
62945.0,0.0068887453583802,134299.0,0.8548177389245797,43.03748014413068,236154.0,0.0
2887292.375,0.06826770779130156,2832817.0,2.632933194822976,47.915586588748845,2103482.0,1.0
11550.0,0.0011053018837893502,293.0,0.41719809757667503,-27.285594406663172,108107.0,0.0
2887292.375,0.06826770779130156,6223096.875,1.6856567634488613,50.75034841201336,5155507.0,0.0
7337.0,0.001014401145776047,723.0,0.5427810928416813,32.656657227914955,106764.0,0.0
2102946.0,0.06826770779130156,1915606.0,2.1539627366554486,38.824619994775624,3148725.0,1.0
177573.0,0.04711905817772083,841424.0,0.5019284927500584,34.89755412005428,1581971.0,0.0
8063.0,0.002984732779442095,2776.0,0.2987740370808854,15.42080177635668,187933.0,0.0
133516.0,0.009020066246036714,209542.0,1.4174608981612162,-10.050949279304913,460755.0,0.0
8083.0,0.002987948836069372,75733.0,0.19321128728723272,-39.6936924946721,176233.0,0.0
21051.0,0.004875535455318815,4309.0,0.3652059412107086,10.656037180316615,296410.0,0.0
29738.0,0.006666643571566409,5366.0,0.5314773149904733,68.37920707973636,307301.0,0.0
132471.0,0.018841213954657834,445579.0,0.791143228272392,-4.741339118512425,425699.0,1.0
45881.0,0.010169769738398945,185874.0,0.7810705847363952,1.3949954435570262,253225.0,1.0
42132.0,0.006148478152416524,159907.0,0.5574905146426606,16.51356752379558,231040.0,0.0
1708407.0,0.06826770779130156,2868936.0,1.6717842260308773,40.07043856918314,1529085.0,1.0
34479.0,0.007849615513239622,145631.0,0.5281816360257284,-7.96960036027044,239859.0,1.0
7123.0,0.002577514389664273,1670.0,0.15112098547091488,-48.36858168321355,182856.0,0.0
2887292.375,0.02607421479226428,455403.0,2.632933194822976,23.249440298356483,709740.0,0.0
148150.9726614714,0.01359752363937976,336738.0,1.1480199153728798,46.034551857476195,313523.0,0.0
5284.0,0.0012518226114096025,467.0,0.3117257002619345,83.78534202724865,131914.0,0.0
1405.0,0.0006098171740304393,18386.0,0.2235783677983498,23.41075128121252,38312.0,0.0
168337.0,0.010588710382938793,426625.0,1.2088833902250191,-22.11799029709622,188487.0,1.0
6095.0,0.006540914825811406,112374.0,0.13968317701193048,23.963397627847677,103437.0,1.0
3887.0,0.0013975113614790422,1811.0,0.2027045702136403,-48.36858168321355,80597.0,0.0
46275.0,0.01144547362091497,108046.0,0.41911634243983403,-7.65625266757232,408753.0,0.0
2094.0,0.00044439106152635696,48927.0,0.19920621934374202,3.6945318120324195,101032.0,0.0
40062.0,0.0046199606869408326,139338.0,0.64873488438975,26.092160038636035,80275.0,0.0
143776.0,0.018945691586250018,374075.0,1.23810610480449,41.43483053467335,608986.0,0.0
6067.0,0.00035017093548702044,760.0,0.47975151291343676,9.445604117941334,86016.0,0.0
81785.0,0.012029479222022145,485141.0,0.6297971157702399,59.99063687986087,198723.0,0.0
2887292.375,0.06826770779130156,3549286.0,2.632933194822976,48.457547316158724,2141690.0,1.0
240781.0,0.00936817425728987,268343.0,2.289674909924898,5.655564049842255,480422.0,0.0
63666.0,0.00799641345888017,212799.0,0.7735013638875241,3.3287592732676488,254905.0,0.0
324032.0,0.03349101613272546,976644.0,1.2300489347898154,32.221982172884864,1615855.0,0.0
78917.0,0.00725906492555977,206013.0,1.0403183505713465,-4.92666207439279,426247.0,0.0
25541.0,0.008037749597932332,199822.0,0.4084796021685995,30.296801890787417,269361.0,0.0
11488.0,0.005420398834803745,4916.0,0.19344108760769715,-27.7274134972014,153939.0,0.0
19792.0,0.002885310352899438,4312.0,0.5278355090457704,35.93545717101616,130738.0,0.0
164204.0,0.010168391796731365,501354.0,1.01913639542224,-38.07926134755837,64148.0,1.0
81229.0,0.005641680491120401,271175.0,1.2422273810288456,30.031610052522858,65414.0,0.0
69826.0,0.005745186528211605,240287.0,0.8121674610072152,56.57976827844943,81484.0,0.0
9898.0,0.0010969343949139368,31020.0,0.7391277724758913,76.98634792897553,88610.0,0.0
17727.0,0.0018589672764760476,9709.0,0.7494666597894035,-21.779004847677122,193615.0,0.0
46820.0,0.005657755750235619,4801.0,0.7276157529898372,64.24152512868363,408232.0,0.0
85618.0,0.011929265840287155,306964.0,0.7637805755767918,-13.11645901156174,437008.0,1.0
177543.0,0.01941702448947123,476146.0,0.7626988894700703,19.05928567358947,612091.0,0.0
246917.0,0.02296226074836007,876893.0,1.5686805426994161,23.586355022919037,860883.0,0.0
5788.0,0.0007264738944237797,47072.0,0.42417566794109907,34.219728059072445,138059.0,0.0
5020.0,0.002407106899106178,4303.0,0.20788884324352977,42.151851569090304,594541.0,0.0
71926.0,0.006056722446172991,189783.0,0.9085723063179414,43.130282572829664,221253.0,0.0
11601.0,0.0013964831875990407,83378.0,0.5284286024678222,74.12302340441603,50653.0,0.0
228623.0,0.05428607986767458,2485995.0,0.6563459048537724,14.984615805366696,1740411.0,0.0
60685.0,0.007646014908817146,278189.0,0.6361230467531833,-23.11058113482657,136439.0,0.0
251752.0,0.038995200577367585,1390104.0,0.7191091652170103,33.63158426062357,1109927.0,0.0
21942.0,0.005090606643396196,189180.0,0.4007994068563331,22.60532719979012,74039.0,1.0
2150396.0,0.06826770779130156,5107890.0,1.7808356797319744,36.45919202473499,2436388.0,1.0
186653.0,0.020208445271111243,124467.0,0.9439071281112467,31.208851668983982,836523.0,0.0
32008.0,0.0017978261747318735,22833.0,0.8128852779842639,6.862369065154817,48064.0,1.0
21052.0,0.00357611198269638,129776.0,0.6594035799237107,-39.73254682001228,164714.0,0.0
2887292.375,0.06826770779130156,1849850.0,2.632933194822976,29.554298644978836,1871079.0,1.0
376291.0,0.026102624665530146,647577.0,1.7722658765710455,51.05389526295913,969232.0,0.0
59291.0,0.006295848688346984,162361.0,0.8939365018769485,53.65794343793053,89591.0,0.0
266918.0,0.019451973976093044,618412.0,1.0438386582200563,47.63494235851316,703169.0,0.0
3499.0,0.0006684276351081296,269.0,0.42521801689691713,86.1547437636143,101350.0,0.0
-2107.0,0.001703848972345483,1272.0,-0.1297190139631098,41.83475181739962,72327.0,0.0
2887292.375,0.06826770779130156,6223096.875,1.8953586580524062,51.9783162614533,3965638.0,1.0
3307.0,0.0005239684045042676,56705.0,0.2551429788232099,-19.276181181081032,6235.0,0.0
7625.0,0.0015234757057587176,70136.0,0.4139182944286326,47.607118018020365,66171.0,0.0
121873.0,0.005567099720375771,232013.0,1.2535640374733084,67.79706767352238,274730.0,0.0
6243.0,0.0021621515776797263,85228.0,0.34852795369485406,-34.94648191513487,160149.0,1.0
1551109.0,0.06826770779130156,5613929.0,0.9506063550647655,36.7210926103441,3757171.0,0.0
344733.0,0.018278098944676146,782061.0,1.003427569070075,47.403987384691234,787756.0,0.0
68820.0,0.004938093170050532,230021.0,1.3171848991124793,-43.13967842030166,213494.0,0.0
249543.0,0.0211474417602617,109355.0,0.9123163863784911,8.56738284412163,1480913.0,0.0
83543.0,0.005430313597940951,6499.0,0.881582240839535,82.25410045686499,421884.0,0.0
173120.0,0.019637019604910544,535130.0,0.7252127380065095,-7.867530037078964,1005315.0,1.0
127084.0,0.009586879408070386,360516.0,0.9906188819049216,-4.140408618424485,415190.0,0.0
47076.0,0.004505920166079888,184774.0,0.751169693567571,37.95277827635621,230256.0,0.0
378769.0,0.025330268639769036,964012.0,0.98684391361491,45.07636219311605,1532751.0,0.0
29001.0,0.00313267748400741,123655.0,0.5949683415952438,46.130990745143514,120086.0,0.0
28819.0,0.004771487525255002,329093.0,0.5313968329714964,-4.062197521381154,540053.0,0.0
197253.0,0.009618588582657735,310804.0,0.9969427049947106,-8.689840672671286,310915.0,0.0
501994.0,0.056793586534979096,2980024.0,0.8027026393466064,10.680711325323102,1818346.0,1.0
2887292.375,0.06826770779130156,6223096.875,1.7074122767747397,46.988504571921546,2793842.0,1.0
-25715.0,0.002545990779952924,110329.0,-0.25367028781798306,11.824316242583608,180142.0,0.0
21692.0,0.0004425170857133613,49599.0,0.9102685527225179,57.582819990514366,120631.0,0.0
2887292.375,0.06826770779130156,5812306.0,2.632933194822976,49.32635788339139,3195837.0,1.0
107120.0,0.0052611629339812584,239154.0,1.0484512294490296,62.547822585037785,271611.0,0.0
-23410.0,0.005367576098565755,49544.0,-0.25367028781798306,-0.19745667009905135,340473.0,0.0
219839.0,0.008918000019630952,355879.0,1.645697847482701,7.06143719956571,504850.0,0.0
95404.0,0.006292128308259141,213283.0,0.9579092829666873,10.523429352658082,189817.0,1.0
122110.0,0.0070630214738550065,222925.0,1.0140758983200189,55.833359940189894,274056.0,0.0
17877.0,0.0007589430101418484,76160.0,0.7722639858100758,29.95775902403105,72044.0,0.0
8495.0,0.0031143389710776457,135461.0,0.1999089761130541,57.8031058390288,28117.0,0.0
50251.0,0.015274675763872408,207528.0,0.4931935249935199,20.99344921488433,301308.0,1.0
84837.0,0.009138685524796497,357503.0,0.7233595149738753,-14.60189262177949,350731.0,1.0
161041.0,0.008066859361447753,12243.0,1.6729968106878317,-3.459130545336233,866905.0,0.0
512397.0,0.040738209970683066,1301147.0,1.2173041510908513,37.9161641184831,2252897.0,0.0
341374.0,0.019676242303340957,488501.0,1.0902863893310641,7.260553081146582,423282.0,0.0
4860.0,0.0003531617568925794,850.0,0.426067250244375,86.72509725052748,108435.0,0.0
447182.0,0.026122185819903068,852272.0,1.5113657283553459,28.7099398843223,1505070.0,0.0
130450.0,0.010774378816002225,544019.0,0.8249401183272099,26.192141119237313,382632.0,0.0
2887292.375,0.06826770779130156,3995790.0,2.632933194822976,31.51842724604686,5004374.0,0.0
144771.0,0.01721954804560425,66295.0,1.0713742572235117,60.074843282960366,2234915.0,0.0
215091.0,0.009740563281623166,361877.0,1.0681732098199965,-27.618057798860388,368455.0,1.0
142460.0,0.00980230433575437,377539.0,1.1058016005946458,30.022448077319613,412615.0,0.0
5419.0,0.0022962933631293417,81354.0,0.240249799496269,27.482604296843565,76497.0,0.0
515517.0,0.039541739288521706,1957555.0,0.8641349136473565,37.648807223408795,2174939.0,0.0
25691.0,0.002940672613294194,9409.0,0.5124955066127101,-0.1530520494904558,203546.0,0.0
90449.0,0.004340074433296663,54935.0,0.9378058335796677,12.325268932723862,320559.0,0.0
738336.0,0.03268218089704435,1400575.0,1.5130894608077705,27.85192353038199,2288069.0,0.0
282563.0,0.014210315975435346,416916.0,0.9037005305890075,-3.982267608253118,532469.0,1.0
768605.0,0.017460213684222493,638342.0,2.31663463355892,13.506288732363007,447284.0,1.0
2769902.0,0.06826770779130156,6223096.875,1.182683657020894,28.9481133901269,4598038.0,0.0
211373.0,0.011661490333064966,695171.0,1.063410343836833,30.819709725634592,661413.0,0.0
308000.0,0.02417411940023876,980013.0,0.9676547269697783,-27.262555812650582,1518188.0,1.0
29925.0,0.0027806146177236477,139152.0,0.7532950522674747,20.4913977014474,67373.0,0.0
105270.0,0.005321723704794202,346373.0,0.9669777156049371,36.30373679848214,292870.0,0.0
104614.0,0.004318746010785874,27247.0,0.9030493085259926,19.421750211291137,683665.0,0.0
33423.0,0.0036247288107690455,155867.0,0.5952270706771373,15.833251384270927,176690.0,0.0
24896.0,0.0032594531726073996,83591.0,0.9236843638149915,-13.03222242646782,211650.0,1.0
36641.0,0.0015815503150295135,113333.0,1.0003437222636746,18.64848219005413,75141.0,0.0
272605.0,0.010640089251422553,46258.0,1.2046756821538747,-8.222031199830708,893920.0,0.0
2887292.375,0.06826770779130156,5224695.0,2.632933194822976,37.31972650089702,5363615.75,0.0
54369.0,0.0028743412844123573,20792.0,1.0254215678582421,-17.56532138870379,355678.0,0.0
182811.0,0.02104768508483884,533274.0,1.0368748476047336,39.13163270585924,690954.0,1.0
127619.0,0.005329952310858029,286003.0,1.185328083124082,11.474968558260217,209348.0,0.0
2887292.375,0.06826770779130156,6223096.875,2.632933194822976,53.28413712578402,3878719.0,1.0
-75392.0,0.004448592141803207,20421.0,-0.25367028781798306,2.1117263179212045,499038.0,0.0
473302.0,0.022366341577717025,113163.0,1.1341752394224707,2.2787647669892297,2242063.0,0.0
-59111.0,0.007817333850094964,54155.0,-0.25367028781798306,-6.107137028756998,546648.0,0.0
145959.0,0.00450779813567497,288732.0,1.3959684583184453,33.6913196071093,870616.0,0.0
239994.0,0.012699875094562291,121000.0,0.9148456399539546,4.450986112635139,802126.0,0.0
111809.0,0.005143590192458262,11805.0,0.8300952572709526,56.19774689854373,560281.0,0.0
820603.0,0.03894340738944067,2888056.0,0.9948535610856706,18.539456033160217,2560442.0,0.0
272556.0,0.012743424266335566,714710.0,1.118151488284098,2.9878532579233603,656733.0,0.0
628097.0,0.028908827612045728,1256022.0,1.0074421475067235,1.248699526358929,2377648.0,0.0
185139.0,0.01312322176359161,82542.0,1.0113725673788139,22.58850118413488,2863814.0,0.0
60441.0,0.003103239907200672,1484727.0,1.6493785869774928,-48.36858168321355,-1371612.0,1.0
61729.0,0.0032797293885885046,189772.0,0.8807813897423048,35.931957657812326,258506.0,0.0
229201.0,0.006851518115999832,699094.0,0.9050837090184367,-29.51646665308855,663144.0,0.0
446522.0,0.015618681276483156,1002893.0,1.1652195474698146,33.04025602023329,857514.0,0.0
2887292.375,0.06826770779130156,6223096.875,1.6301519231834751,60.97102097063696,3480275.0,1.0
140685.0,0.009490269318125378,642625.0,1.0159385767515472,-24.64195948328834,565975.0,1.0
716697.0,0.05316211006039902,3596847.0,0.8219463695811824,3.0408192568658814,1932952.0,1.0
323222.0,0.012323973160205967,36695.0,1.575756990739109,-10.186693107625041,1275617.0,0.0
78288.0,0.006121803023545519,522199.0,0.7961192238569743,-44.50208007941295,758900.0,0.0
47008.0,0.002277036553888694,13837.0,0.8058313058125348,32.97671136304405,306754.0,0.0
610995.0,0.04004473263543031,2014094.0,1.1543921001751498,7.356809245304191,2743627.0,1.0
384428.0,0.008046677907334293,447778.0,2.0574637088016745,-6.162445733129696,601797.0,0.0
20596.0,0.0013297535774937435,2132.0,0.7560115508698207,-16.407082294123178,198165.0,0.0
198816.0,0.004670362819101964,317100.0,1.4959287002050266,-8.175928529585038,347167.0,0.0
37233.0,0.0005571948495401873,300860.0,1.1685329361331926,-25.064274807341576,500368.0,0.0
2887292.375,0.06826770779130156,6223096.875,1.9927663440398409,43.118388742594696,4219873.0,1.0
812940.0,0.033359178139405,4635688.0,1.0093682369742434,18.03057632875825,2770674.0,0.0
591047.0,0.008248209033801182,542832.0,2.632933194822976,-7.492734737377529,310132.0,1.0
159139.0,0.0065846897097942185,410696.0,1.2322332055872534,35.739012280690915,222011.0,0.0
46920.0,0.0023240583322836584,217776.0,1.0711595096226285,-16.943661625699637,360041.0,0.0
226006.0,0.0174612725939199,122186.0,0.9893999553643622,56.35804363294637,3837272.0,0.0
52679.0,0.0028635550004203134,28577.0,0.8435146534630953,-25.134254042538977,568909.0,0.0
314173.0,0.013066123665131638,1752053.0,1.0765379771127273,-25.17845679028967,1064255.0,1.0
231397.0,0.01714327484768439,736920.0,1.206005128663236,10.342539335159099,643393.0,1.0
43237.0,0.005610604266250247,289012.0,0.4907162616539012,61.68567340937353,160559.0,0.0
146466.0,0.004150583153522397,402115.0,0.8685002422877658,-11.7198209090617,199349.0,0.0
68656.0,0.0022721277037154536,403079.0,0.9813259907310319,-31.792922179684794,500768.0,0.0
986436.0,0.06317933616260583,5470331.0,0.9594826359628903,20.36907683204513,2397159.0,1.0
2887292.375,0.06826770779130156,6223096.875,2.5442719047445257,42.37364264416561,5363615.75,0.0
889059.0,0.039381120855499246,2632742.0,1.401163865956444,-11.555988812856647,4221113.0,1.0
195464.0,0.015220578164673426,854873.0,0.9242747185585279,14.212367654171485,427150.0,1.0
284402.0,0.009048695126554554,57836.0,1.2389892358557129,-10.619910009283494,1052270.0,0.0
354967.0,0.01545325200946937,1165343.0,1.2172306895059577,2.429770570994809,1000962.0,0.0
1651188.0,0.026047474289662094,1410672.952521133,2.4991460583494303,-24.463810985084894,2773215.515722267,0.0
79495.0,0.003122958034671006,250659.0,1.1842465342223338,14.175956136146295,154115.0,0.0
687566.0,0.019612923034097268,589753.0,1.5807128052253097,-1.2120645315896854,2545184.0,0.0
189505.0,0.0032193102589435406,15685.0,1.636737614563212,-14.989225383374603,654218.0,0.0
2887292.375,0.06826770779130156,6223096.875,1.0348149060359375,23.80331518017351,5363615.75,0.0
328059.0,0.015260973589588826,62800.0,1.6702715301792805,-46.2028497459888,745527.0,1.0
1092540.0,0.03978133635883402,2428905.0,1.8503565349837447,43.989244889768955,2625324.0,0.0
117158.0,0.011398184571381866,1059129.0,0.9183720581864006,-20.96843787153273,1086281.0,0.0
2887292.375,0.06826770779130156,6223096.875,1.5347068576870178,58.76462235148546,3513926.0,1.0
481840.0,0.01484225271602525,673775.0,1.3634981163328987,-3.4394014533609885,248369.0,1.0
662024.0,0.016021171319896194,1382623.0,1.5044947537533624,30.308199046945933,1255507.0,0.0
-120387.0,0.004963512037584073,12403.0,-0.25367028781798306,-16.640986768620056,531684.0,0.0
94794.0,0.0036150655664578435,375134.0,1.1279822024556347,8.598900309319168,524771.0,0.0
92672.0,0.0041180956913360895,394618.0,1.5234513063391106,32.91736908554486,116352.0,0.0
237261.0,0.003984013942060367,23605.0,2.1216759864061645,46.83622522152715,718749.0,0.0
618812.0,0.02383478846859178,2076460.0,0.8288031085674855,-25.21092077143787,4056293.0,0.0
317855.0,0.008995716529665585,1045585.0,1.596018096657473,4.404765793543824,401634.0,0.0
183804.0,0.004853430051157429,563348.0,1.5175316918202941,34.64895310174035,594386.0,0.0
174336.0,0.004350444350540343,71621.0,1.2591287848037855,-6.19997811202921,824764.0,0.0
194792.0,0.004467940301911979,17161.0,1.5636809115446053,49.29732441995217,843283.0,0.0
364505.0,0.027673881585895996,1769616.0,0.9655009905321543,0.9648043884555959,1036595.0,1.0
1446626.0,0.03850894909635468,4936938.0,1.5016706538354367,44.844791914725704,1367851.0,0.0
196641.0,0.005374683102601388,11156.0,1.5255038446550966,28.1145177860028,529582.0,0.0
989326.0,0.028379612077382863,2403458.0,1.122258660607635,8.7758371738962,77199.0,0.0
380182.0,0.02132751530529688,2299977.0,1.0302112507267303,1.5180900857274287,949023.0,1.0
218534.0,0.004398109979523316,669445.0,1.695947935902366,32.57923687946759,3390.0,1.0
311409.0,0.0054726556287751325,39363.0,1.8064423390002589,13.944817518056539,814437.0,0.0
908985.0,0.02033720694227606,789234.0,2.083223612787381,31.86566727539444,121972.0,1.0
73292.0,0.00369067846742521,815464.0,0.9418341710318527,14.039461713758529,272257.0,0.0
464380.0,0.01126929026212653,37510.0,2.632933194822976,-20.47532357749605,1018023.0,1.0
109456.0,0.0037454703492423172,421002.0,1.0077962972767052,67.67881378766887,393200.0,0.0
1125135.0,0.0400081823585148,4036157.0,1.6482731202777696,2.995137684069431,1017856.0,1.0
1250431.0,0.027808241791953042,1752844.0,2.1960608730734275,30.54093504951972,1825203.0,0.0
318295.0,0.004419452137078894,621989.0,2.3085978743013627,46.88600500610413,318968.0,0.0
116943.0,0.005135907882433059,444696.0,0.9805725997948515,-23.89537422339832,381386.0,0.0
675081.0,0.015495454948074158,1053041.0,2.572711244840475,17.98859667911217,310210.0,1.0
2887292.375,0.06826770779130156,6223096.875,2.1946588542360463,44.46627047219315,5363615.75,0.0
574167.0,0.01399801097972103,390364.0,1.69434761831325,19.112516191477265,2517022.0,0.0
105912.0,0.0039168626926188894,297417.0,2.0573494512316763,-2.418148299211285,50984.0,1.0
2887292.375,0.06826770779130156,5421031.0,1.7399571011924948,41.144052937659566,3389918.0,1.0
403386.0,0.014813432984821294,250770.0,1.7544867641474322,6.6616252612057,2004157.0,0.0
1312741.0,0.04219601887388678,3145882.0,1.7625756049754129,23.865501162565014,3089550.0,0.0
137231.0,0.002245156271916598,256928.0,2.0335950476845888,27.315897841266256,121484.0,0.0
68267.0,0.0005379298785404106,467421.0,1.8366115972846977,-6.846525614464371,147129.0,0.0
402999.0,0.015987422588320456,171741.0,1.2576939148029787,38.4319621488214,3671038.0,0.0
444372.0,0.008276963886031594,17660.0,1.8026753403910112,21.87905575858082,523791.0,0.0
2887292.375,0.06826770779130156,6223096.875,1.1019009666096038,25.777839897403265,5363615.75,0.0
69622.0,0.003127442606214246,388556.0,1.0166557658949387,22.559637006555942,241443.0,0.0
750602.0,0.021353451644027212,2273070.0,2.593323643233416,-12.329297455347442,255392.0,1.0
141874.0,0.0038133789408377693,579055.0,1.4651142353103126,28.77649904614924,467754.0,0.0
1502082.0,0.04487876946925691,4580822.0,1.460958246030768,41.17943872949282,1042676.0,1.0
697512.0,0.022355935662242532,1052135.0,1.5841567248442283,33.445195899490045,240456.0,1.0
413608.0,0.010297144682606498,1169838.0,2.2052298873035223,22.2663557099077,528262.0,1.0
230739.0,0.003064431010387361,464781.0,2.519294952478864,15.728357101440212,246400.0,0.0
266935.0,0.01040275637883502,632036.0,1.1957803313879627,64.64254864422116,45645.0,1.0
606337.0,0.025249472808661595,2761961.0,0.8092878742666284,-5.57993866922479,2850997.0,0.0
2887292.375,0.06826770779130156,6223096.875,1.8555047783088396,66.90449796350671,4104596.0,1.0
213759.0,0.004429957832501602,11579.0,1.8499514143159355,34.000464412550556,632962.0,0.0
893893.0,0.018201215152248398,1498139.0,1.7648410892181443,50.59373852588569,777156.0,1.0
604707.0,0.025020899506908528,3001455.0,1.1523908651126957,17.89610501419337,1354846.0,1.0
593863.0,0.016578325287463447,237157.0,2.0098243519317123,11.37213055401835,1855664.0,0.0
101506.0,0.0032238724578569286,422445.0,0.951324315124469,72.10276600762192,228112.0,0.0
505799.0,0.010797959797113909,37095.0,2.4167629455706447,-24.342413153329634,1001526.0,1.0
1139003.0,0.02148401311566979,221430.0,2.632933194822976,54.256850952514476,754388.0,1.0
187063.0,0.004136501150262507,545657.0,1.3490091655575345,20.317001937670454,51747.0,0.0
733227.0,0.0195442198485982,2101897.0,2.632933194822976,-4.206793599417866,401236.0,1.0
1547983.0,0.04121542884124648,4030558.0,1.444148424973254,54.39877729390062,1035560.0,1.0
125105.0,0.003970106240968561,595408.0,1.0314852620993291,34.47234866553919,393407.0,0.0
124321.0,0.003593620453896184,1696298.0,1.239058040412382,4.944049528054772,134683.0,1.0
925391.0,0.012903633194068861,1747648.0,2.6260781632779837,-1.9300375533319363,81091.0,1.0
2887292.375,0.06826770779130156,6223096.875,0.8770456432833822,33.79034808180745,5363615.75,0.0
895869.0,0.019423385453735013,1765737.0,1.6887580094367873,67.57052630263856,430195.0,1.0
710958.0,0.02371638312588879,2420857.0,0.8529356973740697,-0.12986451710378974,827868.0,0.0
1770148.0,0.040612010683041336,3011140.0,2.017425566497306,35.45998209656863,3021632.0,0.0
2887292.375,0.06826770779130156,6223096.875,1.5715253618019014,38.92308441386905,5289956.0,1.0
209120.0,0.005484097555011112,674255.0,1.5518660313356423,20.39565381946895,23920.0,1.0
483605.0,0.019520308718005197,1926938.0,1.1516436316111096,14.149150637656902,622218.0,1.0
2887292.375,0.06826770779130156,6223096.875,2.632933194822976,66.2871985430619,2456780.0,1.0
653471.0,0.011089881502112783,1153285.0,2.632933194822976,25.540390204642872,185111.0,1.0
268368.0,0.012655397609600529,710201.0,0.9093188203563023,46.2973457262586,253242.0,1.0
2887292.375,0.06826770779130156,6223096.875,2.35161168774892,48.5389118981369,5363615.75,0.0
654109.0,0.04389742210981066,1866029.0,0.7349233878470601,32.64357273071858,59781.0,0.0
1186239.0,0.03580415362298204,4093975.0,1.6879976766675462,28.617354915754273,878206.0,1.0
76468.0,0.004082126717054035,619354.0,0.6609146201646721,1.442035668235937,183411.0,1.0
189912.0,0.003683126716734126,12130.0,1.6414688169154472,39.29344277575769,671674.0,0.0
1351570.0,0.039285762851900996,4729544.0,1.222412366413596,62.1890472503147,2960648.0,0.0
724591.0,0.015495424576139408,215161.0,2.5442018426134942,37.054182793718326,952143.0,1.0
40279.0,0.0005191226566936839,513060.0,1.0276537047606193,54.468400962610524,109962.0,0.0
734498.0,0.015121500749206075,169436.0,2.2717724621147273,55.53308189805994,3222082.0,0.0
192885.0,0.005616936904151934,74276.0,1.3405551483614417,24.93845956250209,419352.0,0.0
205447.0,0.0057045463913761585,21056.0,1.0181251218472473,17.076924775107386,931083.0,0.0
1110097.0,0.014649889098669273,291798.0,2.632933194822976,-8.95928024568263,340206.0,1.0
1187621.0,0.02708516106384775,1975842.0,1.5522495188876189,30.34120965019078,1000048.0,1.0
311870.0,0.00748328025123021,49814.0,1.1596444044712664,32.61887886423479,1205396.0,0.0
199158.0,0.006452925536332822,714613.0,1.0038716182692962,-38.834936141879,535878.0,0.0
-262658.0,0.010004151912842006,847293.0,-0.25367028781798306,-16.769550173119335,625663.0,1.0
497783.0,0.011403195139139566,37035.0,1.5523644474945313,3.923368783777764,889781.0,0.0
473451.0,0.019706692377685166,485392.0,1.1466729540395706,22.354815817090163,1886115.0,0.0
2887292.375,0.06826770779130156,6223096.875,2.632933194822976,68.7444177570644,2528406.0,1.0
136500.0,0.004196233227885008,550732.0,1.0091326877890583,47.59971097552857,233711.0,0.0
92902.0,0.002999101409918418,365318.0,0.8271011254921323,68.11870771119314,230607.0,0.0
1022700.0,0.02567088399823199,2695470.0,1.1735405270178072,24.77603550268677,68796.0,0.0
140042.0,0.003719321291806495,935806.0,1.0781153636250889,7.458938045738304,705177.0,0.0
107113.0,0.004041705332943159,12118.0,0.7895228948961512,52.50391556433488,749190.0,0.0
2887292.375,0.06826770779130156,6223096.875,1.4859940618331313,35.82304831011929,5363615.75,1.0
1047248.0,0.031205515035276427,1900249.0,1.0060433419958097,41.48022392875875,1012348.0,1.0
896181.0,0.016673113563305798,144783.0,2.632933194822976,54.928438351731074,3031281.0,0.0
1368918.0,0.04129181376799891,5015037.0,1.0693417821133493,62.46095318796615,2826287.0,0.0
2887292.375,0.06826770779130156,6223096.875,2.178254300238117,54.546431545607184,5363615.75,0.0
353037.0,0.011727927679328516,586895.0,0.9688644805757953,45.798756065658964,349130.0,1.0
705595.0,0.018876806655859234,2514673.0,1.2475416086629083,37.007068586100125,788434.0,0.0
952630.0,0.019604714997929165,1758714.0,1.837295641530415,59.18650230493107,35144.0,1.0
889215.0,0.01242164781101963,1800228.0,2.329081390906458,3.4771989259388794,648353.0,1.0
959777.0,0.03334843584008303,4951342.0,1.1951264816676614,28.727782617157388,1417021.0,0.0
303178.0,0.00605203115756073,30511.0,1.4260239660905274,7.377080357082793,934285.0,0.0
172979.0,0.004559229285251186,528748.0,1.1923680284703122,47.08297668499321,167807.0,0.0
473660.0,0.011421570358918743,1235130.0,1.8239333978971202,19.36130592449253,151107.0,1.0
542918.0,0.016009210303774758,1810453.0,2.3093631596689415,-16.94520297030315,162024.0,1.0
188787.0,0.0050089189923968975,358426.0,1.1931952093705644,-16.63453450739905,60338.0,0.0
154761.0,0.005145522172176134,534394.0,0.9306493889480747,12.56683089585216,242447.0,0.0
763461.0,0.01798813172759749,179833.0,1.8018993768461118,11.872757910770854,1484265.0,0.0
1123140.0,0.027438913043388472,4289047.0,1.4329634307385444,12.354684361951417,1608603.0,1.0
2887292.375,0.06826770779130156,6223096.875,0.9926823058628313,34.74241379809354,5363615.75,0.0
252298.0,0.007390582680212155,60682.0,0.845127754650936,30.74803664076264,1281134.0,0.0
1578804.0,0.03915353298347861,4131822.0,1.35724635802973,56.86714226699838,1215401.0,1.0
195385.0,0.006189148150643514,634311.0,1.1741423430577291,14.694008364237664,9750.0,1.0
48609.0,0.00038571729188930184,426764.0,1.5439535552953836,3.709449940939054,130675.0,0.0
2462741.0,0.042444298020793005,3590876.0,2.448807140442454,50.40696411867106,3174002.0,0.0
728176.0,0.05026840136949565,1802693.0,0.5433928611898676,36.62049102068153,119143.0,1.0
177982.0,0.003647707206383276,541191.0,1.1205962174793542,40.26664760779103,52269.0,0.0
91837.0,0.0028424244280202925,38256.0,0.790878898052001,60.96691343528796,432173.0,0.0
571571.0,0.012535630896187512,161009.0,2.0667101797040717,60.808608145154786,3298696.0,0.0
2887292.375,0.06826770779130156,6223096.875,0.8455457266360379,35.21769602285366,5363615.75,0.0
2887292.375,0.06826770779130156,6223096.875,1.2561186418947539,40.225447610862155,5363615.75,1.0
2256792.0,0.056450421802205254,5744262.0,1.213871926687986,60.340191450317405,878155.0,1.0
2887292.375,0.06826770779130156,6223096.875,2.223902907063015,47.13110783324138,5363615.75,1.0
869905.0,0.021289492300389727,2876594.0,1.0263179975713013,57.17703069711635,60822.0,0.0
1421386.0,0.03219012255035289,2301598.0,1.0815006906523523,43.211092848439705,1017054.0,1.0
327065.0,0.004101091949739897,14745.0,2.2673728741884487,51.882567090931104,584146.0,0.0
-409351.0,0.011913664063699368,1398567.0,-0.25367028781798306,-14.970507886648287,706554.0,1.0
601152.0,0.0135431155866195,2118630.0,2.139991997528062,-5.686503154270685,158032.0,1.0
1741774.0,0.028176177531681283,6223096.875,1.4911906413813873,32.71292784494668,3096202.0,1.0
920397.0,0.022342655385728973,3354512.0,1.1193724897041475,29.321074857729773,1147633.0,1.0
241469.0,0.006381901668442787,76076.0,0.8719190180418691,9.57508019313292,1063895.0,0.0
1233473.0,0.05536532746602223,3042889.0,0.7236067518170509,40.03822060090016,110806.0,1.0
752476.0,0.011529087497641241,1958661.0,1.5749743846577657,15.947419364082757,655144.0,0.0
1164407.0,0.030764919687000507,4711255.0,1.0431345549843096,37.68138273691016,2037205.0,0.0
694728.0,0.016790333808738726,502010.0,1.2369456923495525,26.053807330664277,1985393.0,0.0
228011.0,0.00528607201942528,601660.0,1.124996250193411,-3.6698539351484216,115328.0,0.0
2887292.375,0.06826770779130156,6223096.875,1.9611769968660584,70.78032486575184,3183278.0,1.0
209411.0,0.0073605417754255414,711580.0,1.0249448386924838,12.19301421550843,7473.0,1.0
1540817.0,0.03783314166677446,4330474.0,1.149590585231547,63.522358383354145,1314151.0,1.0
482442.0,0.011440763086557823,618936.0,1.1554222028721286,55.84903030290233,452705.0,0.0
366248.0,0.012332488989969767,63287.0,0.8556070578658215,17.291194025374377,1084889.0,0.0
1453111.0,0.014821559105808483,3010773.0,2.632933194822976,61.18150660368189,-51010.0,1.0
1976382.0,0.03927068535988864,4519784.0,1.6286809336042771,57.09527600938705,3220671.0,0.0
122972.0,0.004028125390595173,40382.0,0.7752018126958303,23.498455105251438,508891.0,0.0
384822.0,0.010280221350713258,1382644.0,1.2447619800520828,34.72941677727174,118363.0,0.0
137798.0,0.004343273893659844,587434.0,0.8496617088782428,59.04003034802848,211660.0,0.0
587670.0,0.013998258330997975,263546.0,1.462967446254611,8.919226519387443,1582006.0,0.0
195083.0,0.005270599750343307,624312.0,0.9349143692854011,38.171190752514136,252495.0,0.0
1160699.0,0.022092055726150195,4173423.0,1.1107483363067512,18.540289517897158,2416782.0,1.0
290310.0,0.0076595658048107,913462.0,1.1451069545515487,-11.328056368513609,13547.0,1.0
1495475.0,0.031789645467908974,1282643.0,1.0486025116788436,51.17164015013804,5363615.75,0.0
586536.0,0.009443405168322826,1445050.0,1.4738504841433597,30.018976425487832,305157.0,1.0
443979.0,0.01084221520572426,742218.0,0.9229888415973326,47.76135177802861,626625.0,0.0
2431588.0,0.05345405551859158,6223096.875,1.222765813268367,52.724154148542034,155591.0,1.0
389539.0,0.006246189256866831,839439.0,1.6204263262173582,39.564707086233994,45254.0,1.0
567396.0,0.010265674672214817,204851.0,1.7454497397987987,65.63636522610236,3647184.0,0.0
2111525.0,0.054095374933861164,2979163.0,0.9503538206622514,42.19709915971742,135977.0,1.0
2089962.0,0.022687733212888597,6223096.875,1.4446088233348353,-37.752687603412944,4929311.0,0.0
826446.0,0.01530077689360566,183827.0,1.6606830613687502,19.951173577692007,1626151.0,0.0
543598.0,0.01322010325041858,106821.0,0.9215259923075352,27.15695479092809,1265214.0,0.0
2887292.375,0.06826770779130156,6223096.875,2.1051460039873415,70.28847516786988,3881157.0,1.0
1780951.0,0.01273242215179332,2481887.0,2.632933194822976,53.47215636022059,-2876656.0,1.0
181669.0,0.0045105276780438314,37338.0,0.8653255975171158,47.946402217061575,615064.0,0.0
410071.0,0.005899717370711911,837737.0,1.3482219209888056,-13.795103739365201,-197689.0,1.0
169790.0,0.004195115447834466,703469.0,0.8589812257028188,49.85464192187004,151636.0,0.0
2887292.375,0.06826770779130156,2596127.0,1.7549055742121389,49.63320239902808,5363615.75,0.0
2050313.0,0.03570513273900662,4932472.0,1.3601859208388356,46.09402927122417,3650585.0,0.0
970416.0,0.02034126386882134,236714.0,1.2179502320907476,36.378283040480916,3379346.0,0.0
1796795.0,0.037948267960712816,5018719.0,1.111847642093664,66.31028092213126,1667026.0,1.0
102781.0,0.0025968750592880777,39284.0,0.8200409745228083,63.09698869533581,599067.0,0.0
452024.0,0.010554485155507956,2275102.0,1.2871256229414203,11.582705207149845,164031.0,0.0
195355.0,0.004061332357061703,26647.0,1.040683254596442,16.290997109897464,885768.0,0.0
1015242.0,0.010861301757070924,2256261.0,1.687020662805191,-0.4245368529051224,702216.0,1.0
2887292.375,0.06826770779130156,6223096.875,1.0420994210562464,46.18591883979833,5363615.75,1.0
331679.0,0.007892748738652346,125430.0,0.8613534836501148,27.25341066676896,1530397.0,0.0
1797385.0,0.030530017754191334,459970.0,1.106926486787456,37.98546191938899,3664198.0,0.0
2887292.375,0.06826770779130156,6223096.875,1.390724339861115,45.39230646066635,5363615.75,1.0
1066513.0,0.01875893801206932,385117.0,1.2274101879005714,58.7622685287194,2645844.0,0.0
175354.0,0.00335348758899056,453143.0,1.0000723160975404,52.23599171029723,153255.0,0.0
-674646.0,0.012884294753041163,121878.0,-0.25367028781798306,0.48946433531108724,3147314.0,0.0
1056028.0,0.01892518579618561,555516.0,1.0422255156728006,53.77434212597301,3223647.0,0.0
325038.0,0.0038747758113818233,514943.0,1.4956374365544247,-19.15343050582193,147037.0,1.0
2887292.375,0.06826770779130156,6223096.875,1.0500756784541248,46.086896786324864,5363615.75,1.0
889911.0,0.012259066668944758,3044915.0,1.1529562656276826,42.53908940987206,2257501.0,0.0
1884581.0,0.027528187415540212,956317.0,1.1716458084856298,43.99309364281202,5363615.75,0.0
219886.0,0.004206282678961717,833935.0,0.8907495220980508,37.96282055214744,252194.0,0.0
1339925.0,0.020619085759988644,4600959.0,1.0882052029385654,51.0385508377343,4004628.0,0.0
843339.0,0.006417991974967868,914139.0,2.3203369656909762,41.554231934383395,301160.0,1.0
359247.0,0.007361362759364081,1138128.0,1.1187805790900234,4.074841632417111,30744.0,1.0
759890.0,0.009322196445065324,1731505.0,1.5863266239608866,28.687462226963614,610441.0,1.0
404116.0,0.008566718592101907,1587690.0,0.8387111489603476,20.528713293564095,1021906.0,0.0
2887292.375,0.021503151840136247,6223096.875,1.7230356661524482,-29.18815790676005,5363615.75,0.0
428827.0,0.009153237120948864,2403407.0,1.184189426566694,-23.51024881926491,164429.0,1.0
228188.0,0.0036835098601885885,518354.0,1.0652525792068848,58.75091102756264,80395.0,0.0
1844638.0,0.038866921078186206,6223096.875,0.9379415609869419,57.42354365179635,2656207.0,1.0
2125684.0,0.03545076485662385,6223096.875,1.1540829810857205,40.61572358019503,4615726.0,0.0
899193.0,0.014280014139246717,1978169.0,1.5321521357126586,12.859832699602464,127325.0,0.0
944860.0,0.011009571437471543,2555952.0,1.1830829876007054,8.48481805857702,1405070.0,0.0
612934.0,0.010210529478130557,803996.0,1.104632923844047,30.270198031097554,742665.0,1.0
1229384.0,0.02065374869440495,737007.0,1.2217937772102103,45.070012789717055,4581182.0,0.0
604458.0,0.012887243738802685,148408.0,0.8570771058585751,13.08635317020476,1649784.0,0.0
2350267.0,0.055774620979888744,696953.0,0.8818980306084564,32.44434337159153,3507180.0,0.0
327698.0,0.005539165837303623,790331.0,0.9574467960777223,-3.26828812542912,5058.0,1.0
247058.0,0.004350924026397727,43958.0,0.9869725835045449,29.637800796352646,682283.0,0.0
471190.0,0.004285510081193918,38012.0,2.105513676253958,34.09255323675996,1124277.0,0.0
116908.0,0.002390932911339778,54816.0,0.8288147469870498,53.05827498064552,473248.0,0.0
2849015.0,0.031379399747859485,291791.0,1.436787971042455,35.79404321765847,4822208.0,0.0
2887292.375,0.06826770779130156,6223096.875,1.3092599341979618,49.888142595624984,5363615.75,1.0
2887292.375,0.06826770779130156,6223096.875,1.8099788517587816,73.83072013255152,4985489.0,1.0
2887292.375,0.06826770779130156,3096268.0,1.4929226240087903,42.041232194491116,5363615.75,0.0
570557.0,0.011971690666516441,227733.0,1.4298102827546397,76.91910888679561,4104853.0,0.0
2748878.0,0.05150091687038391,6223096.875,1.2329758023254265,52.18826183511203,1491804.0,1.0
2887292.375,0.06826770779130156,6223096.875,1.254617726230987,56.72639321390865,5363615.75,1.0
593679.0,0.010713298132631497,905520.0,0.9279218948782199,45.33444160610809,842466.0,0.0
647118.0,0.009195753968992179,1914170.0,1.2400662599697183,34.56724335906938,927975.0,0.0
2887292.375,0.06826770779130156,6223096.875,1.8433429696752865,78.26336886383348,4985489.0,1.0
393643.0,0.00610989984528703,589121.0,1.0490859145085711,40.40792990832151,150527.0,1.0
308013.0,0.003994165601971225,596788.0,1.196317470768459,-15.967012708704601,103854.0,1.0
2544172.0,0.03987864490053012,6223096.875,1.1159478839847776,66.801423789468,5363615.75,0.0
877765.0,0.01253416818839336,3065669.0,0.9130190864275466,22.648062084263323,2742570.0,0.0
340532.0,0.004947247015309956,739020.0,1.1469404928207936,38.766806237910465,116488.0,1.0
2887292.375,0.025234588858277035,6223096.875,1.6069295934786962,-32.24307995914976,5363615.75,0.0
2887292.375,0.06826770779130156,6223096.875,1.6290632272824834,55.45976907684667,5363615.75,0.0
771987.0,0.008003408812381563,1227512.0,1.5192124474714104,42.282326314908204,742963.0,1.0
224881.0,0.0034480390065610086,579051.0,1.0197933258886818,60.319402849696225,158512.0,0.0
2887292.375,0.051604570387625504,4384898.0,1.391797888227714,58.94730235817454,5363615.75,0.0
2385114.0,0.029748826420102265,6223096.875,1.491262771406465,60.90508270812981,5363615.75,0.0
901816.0,0.012457649211097743,1757338.0,1.0864160967530698,47.858645714285714,622437.0,1.0
2887292.375,0.0332654938533712,3452911.0,1.383586562668158,37.007411945027485,2093853.0,1.0
1001846.0,0.015200580830425286,1988338.0,1.452941061899742,24.428400675397466,88150.0,1.0
2887292.375,0.035442610681141025,6223096.875,1.5183854893680955,50.359426696241066,5363615.75,0.0
1071367.0,0.01753102554691216,3339237.0,1.0297390077141206,57.65249107704493,827128.0,0.0
2887292.375,0.06826770779130156,6223096.875,1.5039880616461745,52.632855288364446,5363615.75,1.0
1482962.0,0.018454768669327788,3575998.0,1.2598387388879673,57.96831965032466,1212943.0,1.0
1624742.0,0.01861288113576862,5312647.0,1.1103700027346093,50.63318778833957,5018414.0,0.0
993899.0,0.009383167801480184,261115.0,2.080664550565119,20.55878546219443,3976515.0,0.0
255222.0,0.004313734894715812,955178.0,0.873546194630947,40.81819525370988,290082.0,0.0
565345.0,0.008915522371272617,2076542.0,1.003873617382035,22.21169744456378,2201862.0,0.0
111544.0,0.002167997565010621,487836.0,0.8159109958899428,67.67122379967562,52518.0,0.0
2887292.375,0.051604570387625504,6223096.875,1.3726927791161214,54.705303138185215,2246991.0,1.0
572169.6428284862,0.010981936648603908,227733.0,1.4358172064091212,77.47727578946774,4104853.0,0.0
392582.0,0.006963857019984005,1843347.0,1.1004675070949912,14.580923217296583,87830.0,1.0
1208318.0,0.013653267536410486,3915789.0,1.2633534670866977,44.82117129553101,3868189.0,0.0
452296.0,0.004559243532685016,902691.0,1.33049030074877,40.31462837171796,158102.0,1.0
1129477.0,0.012392444675569488,2319319.0,1.158623780088954,55.14245618732524,919791.0,1.0
114654.0,0.00202828020529324,525146.0,0.7876237269741445,69.88046860462542,181187.0,0.0
2887292.375,0.06826770779130156,6223096.875,1.4141414141414141,78.91591661538462,5363615.75,1.0
465717.0,0.006139915720908731,645234.0,1.1046535002563476,39.853932862351115,275817.0,1.0
1285722.0,0.015839813859991583,3941174.0,0.9951423457223714,31.02005058919891,4082257.0,0.0
2887292.375,0.05189158023483905,4830742.0,1.35967830989053,63.721749737886434,5363615.75,0.0
1205554.0,0.014739098979377883,2485623.0,1.5591544911273145,14.392595565706719,144743.0,1.0
2535689.0,0.0401312595995486,6223096.875,0.9391440740740741,72.00417526315789,5363615.75,0.0
2887292.375,0.03530379426238133,6223096.875,1.2952364165360772,52.13679039485751,5363615.75,0.0
255039.0,0.003286633392183163,796211.0,1.076263147709003,67.24812982698089,103871.0,1.0
724736.0,0.00895083160833073,2575176.0,1.0194520268117615,27.67836071997682,3231125.0,0.0
2887292.375,0.027696985982642825,6223096.875,1.5880049501843154,-28.785703420433954,5363615.75,0.0
732854.0,0.009006791672361751,2157594.0,1.29016856778515,31.965419516677393,1273984.0,0.0
886047.0,0.010485909766333667,294375.0,1.4064238095238095,19.862696875,3926104.0,0.0
427176.0,0.007650223053107358,1057789.0,1.1267982205400426,29.57820669800548,55041.0,1.0
793666.0,0.009158239796572584,1665682.0,1.1750067765278693,51.36621453522318,924546.0,1.0
1720593.0,0.018123794657860657,4284376.0,1.228995,64.2518905,1977949.0,1.0
2887292.375,0.03355966823054272,4277872.0,1.180588781615636,44.554240697573356,3026340.0,1.0
295988.0,0.0042617807979017765,1066663.0,0.8919692003807778,32.07386636652518,85921.0,0.0
1935436.0,0.022605585118429895,6223096.875,1.0853535446772087,44.20121921183347,5363615.75,0.0
654745.0,0.009859767743392811,1145746.0,0.8977310669780086,43.455377126630054,933893.0,0.0
458732.0,0.0037852877241849334,682660.0,1.8528517466564558,-12.176896183783892,100186.0,1.0
2887292.375,0.02994267858137338,6223096.875,1.263742800664398,72.65901554133275,5363615.75,0.0
1072822.0,0.01803038772713027,3491426.0,0.9472641122328845,70.40697698779572,1095321.0,0.0
2887292.375,0.06826770779130156,6223096.875,1.309951870683097,53.455444779651145,5363615.75,1.0
2887292.375,0.05189158023483905,6223096.875,1.3414390540324501,61.65603428187258,3216746.0,1.0
634658.1632206661,0.011013106874175073,300305.0,1.439886523423929,73.58793143561287,4952424.0,0.0
1906381.0,0.015004369323900098,5202465.0,1.5887701102493603,42.579609273787,4387911.0,0.0
2887292.375,0.06826770779130156,6223096.875,1.3841650988099496,55.17841889872099,5363615.75,0.0
2887292.375,0.06826770779130156,6223096.875,1.417815611586526,57.018436121969096,5363615.75,0.0
2452068.0,0.02099684475796973,6223096.875,1.2066616445935643,38.55096803723663,5363615.75,0.0
1585147.0,0.01663965656825031,2542540.0,1.9083792049297832,33.11816504206296,75772.0,1.0
2887292.375,0.06826770779130156,6223096.875,2.291386399839185,60.6344654559384,5363615.75,0.0
1748191.0,0.01722393561877411,5107702.0,1.0312580088152898,22.49873084033604,5363615.75,0.0
189171.0,0.0038653628789805695,657822.0,0.828177481125319,-2.8444386294023993,72236.0,1.0
2887292.375,0.04043954686542849,6223096.875,0.954810355987055,68.97787505617977,5363615.75,0.0
1015578.753292538,0.012591100021657645,2604929.0,1.7061690602768387,80.55519694682081,2825996.0,0.0
570537.0,0.006790161927113645,655359.0,1.1933921695039948,49.52673630392462,450164.0,1.0
2214248.0,0.031785558414541275,6223096.875,0.7978564351850376,69.72646131093943,5363615.75,0.0
2887292.375,0.035623500874995,6223096.875,1.4596926044002263,26.424124754620955,5363615.75,0.0
1765292.0,0.01598820009856717,5537903.0,1.2499601973001686,33.86012512135233,5363615.75,0.0
226618.0,0.0032921951953960643,720087.0,0.8826328287081685,69.6968731376899,198000.0,0.0
2887292.375,0.03477820837785641,4629757.0,1.124945773145301,51.580885900505386,3268000.0,1.0
937375.0,0.009986319957722065,2521745.0,1.0615736980276365,22.241369124597053,4419309.0,0.0
2887292.375,0.026741418028797297,6223096.875,1.546229461323539,-26.817732472579237,5363615.75,0.0
2265201.0,0.019475135884200693,4944845.0,1.3324711764705883,67.76469666666667,2676097.0,1.0
851347.0,0.011255944734679219,1731003.0,0.9547286671416011,39.09833879926988,1005486.0,1.0
1279835.0,0.015341565787088578,2994472.0,1.2700882664380584,73.00608830942356,1339526.0,1.0
2887292.375,0.049028293725663266,6223096.875,1.5909662323441771,63.997420477862256,3339280.0,1.0
116765.0,0.002087692637964352,499195.0,0.755880382326,79.72844265254322,121125.0,0.0
293153.0,0.004813531521271598,1110743.0,0.8516184681401214,45.10191135653168,158210.0,1.0
458305.0,0.008258002002228869,988537.0,1.13685884886744,33.64541383579066,3738.0,1.0
2887292.375,0.06826770779130156,6223096.875,1.5693001803688846,66.39594215416463,5363615.75,1.0
571585.0,0.004739623266031434,921959.0,1.4349607795546162,41.81400046391614,201488.0,1.0
2887292.375,0.06826770779130156,6223096.875,1.792092564305435,78.57204979277657,5363615.75,1.0
1108322.0,0.012976924229852003,2747961.0,1.0285009275255406,48.50705150171285,1728936.0,0.0
2887292.375,0.06826770779130156,6223096.875,1.237170333244374,53.94612844236467,5363615.75,0.0
821783.0,0.009902788465043402,1288207.0,1.0344645319927361,47.96018271039257,734813.0,0.0
705118.0,0.008306514680276034,2092538.0,1.1140510289968024,26.040308633597704,1403197.0,0.0
2887292.375,0.049028293725663266,3780202.0,1.6166871794518944,66.83663121956991,5363615.75,0.0
843011.0,0.010081246810645064,523713.0,1.0807833333333334,19.165190555555554,5363615.75,0.0
1686808.0,0.011524320380350075,967251.0,1.6889056038709518,29.67766600224526,5363615.75,0.0
2887292.375,0.06826770779130156,6223096.875,2.2814042066877103,56.48132089162045,5363615.75,1.0
2887292.375,0.02945585364527157,6223096.875,2.632933194822976,-29.843210467549135,5363615.75,0.0
604802.0,0.008244792685949746,699597.0,1.123041531045181,51.11538415841584,839712.0,1.0
2887292.375,0.06826770779130156,6223096.875,2.632933194822976,64.08022968214907,5363615.75,0.0
810920.0,0.008262908429086576,2153141.0,1.1895017973297055,21.794811364918026,1958809.0,0.0
2887292.375,0.03985271386466548,5001561.0,1.2796108376237698,40.05878153492601,5363615.75,0.0
1109399.0386850869,0.013574733641542838,2738077.0,1.8359520307253696,74.37115476527421,1969824.0,0.0
2887292.375,0.06826770779130156,3463192.0,2.056113783588045,80.88392689935294,5363615.75,0.0
1781617.0,0.013371815832814757,2928350.0,1.416156085110423,46.8192201192539,3106075.0,0.0
700505.0,0.0055108088673427634,1130742.0,1.5100600430509548,25.974385618288057,311448.0,1.0
2887292.375,0.06826770779130156,6223096.875,2.1628278825872687,61.792536369979594,5363615.75,1.0
1116100.0,0.012034444204324644,2648778.0,1.0936717132644211,15.570314839417536,5363615.75,0.0
2887292.375,0.05205589197844859,6223096.875,1.7831274208838657,61.710707018928645,4400026.0,1.0
1282762.0,0.0140459508764319,2328027.0,1.2496066126137673,48.883546825670734,1799091.0,1.0
2887292.375,0.046274500292311165,6223096.875,1.6462778711866939,63.200891371714796,5363615.75,0.0
2887292.375,0.021924077135734906,5511766.0,1.5098580952380953,61.588354137931034,3620859.0,1.0
2400324.0,0.021140277980085245,6120005.0,1.1911287534931214,16.278227367507018,5363615.75,0.0
2887292.375,0.03833699242648516,6223096.875,1.0755022804029573,73.4734522346584,5363615.75,0.0
2887292.375,0.046855669331844936,6223096.875,2.4089035628078035,29.64968010143301,5363615.75,0.0
366816.0,0.006260250314511301,1261645.0,0.9647842035208195,17.07987956644761,1010005.0,1.0
